{
  "solo_0.5b_ppl": 10.705577331169872,
  "solo_3b_ppl": 6.680976561730046,
  "fused_ppl": 54805.62108926771,
  "degradation_vs_3b": 54798.94011270598,
  "degradation_vs_3b_pct": 820223.5048481557
}